quartal,percent
1,8.766233766233766
2,20.346320346320347
3,31.70995670995671
4,39.39393939393939
