,Parameter,Random Forest,Gradient Boosting,XGBoost Classifier
0,ACCURACY,0.6761904761904762,0.6258503401360545,0.6190476190476191
1,valuation,0.19202603420339065,0.21039064531717191,0.16169080138206482
2,total_sum_raised_before,0.23075409023041504,0.2697191727102313,0.18104711174964905
3,time_from_previous,0.2114054501236931,0.2071211371663332,0.1645570546388626
4,time_from_start,0.18921463028988594,0.16249127019688475,0.16347366571426392
5,top_investor_rounds,0.10788765919539908,0.087306897830499,0.18882416188716888
6,other_investor_rounds,0.06871213595721619,0.06297087677887978,0.14040713012218475
