,Parameter,Random Forest,Gradient Boosting,XGBoost Classifier
0,ACCURACY,0.7374149659863947,0.6959183673469388,0.7142857142857143
1,valuation,0.16717053861184045,0.17213593006786848,0.11533834785223007
2,total_sum_raised_before,0.25374577319095326,0.26683399116873885,0.3167969584465027
3,time_from_previous,0.20406552002829575,0.21567222024757604,0.09733252972364426
4,time_from_start,0.1968084097241083,0.20024813678555428,0.10556613653898239
5,top_investor_rounds,0.10780743163252157,0.09363700968491141,0.2946000099182129
6,other_investor_rounds,0.0704023268122807,0.05147271204535096,0.07036598026752472
