,Parameter,Random Forest,Gradient Boosting,XGBoost Classifier
0,ACCURACY,0.6701923076923078,0.6185897435897436,0.7019230769230769
1,valuation,0.22324983982867158,0.27185642521496256,0.08822277933359146
2,total_sum_raised_before,0.20001559509205577,0.1800163543856136,0.1969687044620514
3,category_tag,0.06129893925645132,0.044198705265370244,0.1223311796784401
4,time_from_previous,0.15896540013681557,0.16048733907130558,0.07973011583089828
5,time_from_start,0.1607341385535993,0.15099201074184626,0.07385570555925369
6,top_investor_rounds,0.1200113536637959,0.13435487510288893,0.31323614716529846
7,other_investor_rounds,0.0757247334686105,0.05809429021801286,0.12565533816814423
