,Parameter,Random Forest,Gradient Boosting,XGBoost Classifier
0,ACCURACY,0.6657051282051282,0.6407051282051283,0.6730769230769231
1,valuation,0.19446624828329578,0.20380755283038776,0.05619225278496742
2,total_sum_raised_before,0.20918745619672982,0.2049674171302998,0.2181999534368515
3,category_tag,0.06271396282247826,0.07123761366707301,0.08774293214082718
4,time_from_previous,0.16531130487383738,0.15665347374481398,0.07440254092216492
5,time_from_start,0.16718434925044556,0.13691789092214163,0.06572489440441132
6,top_investor_rounds,0.12330295021846929,0.1768254408887139,0.3847742974758148
7,other_investor_rounds,0.07783372835474395,0.04959061081656992,0.11296314001083374
