,Parameter,Random Forest,Gradient Boosting,XGBoost Classifier
0,ACCURACY,0.6430769230769231,0.6235897435897435,0.6461538461538462
1,valuation,0.1720493095399259,0.16960738865403918,0.1628611534833908
2,total_sum_raised_before,0.21148189690963734,0.24497566032927082,0.1807119995355606
3,val_rate,0.14504606451210547,0.16779687161167517,0.12181314080953598
4,time_from_previous,0.1506101088316624,0.14501593778118207,0.11438427865505219
5,time_from_start,0.14732585245988367,0.1282645887877311,0.11911801993846893
6,top_investor_rounds,0.10633672161635821,0.08828854564737222,0.20934844017028809
7,other_investor_rounds,0.067150046130427,0.05605100718872943,0.0917629823088646
