,col1,col2,col3,col4,col5,col6,col7
4,232000000.0,14500000.0,19.452976425274386,72.0,672.0,3.0,1.0
9,147000000.0,10796170.0,4.423979220951907,194.0,1094.0,0.0,1.0
13,295000000.0,7250000.0,0.6763275612077995,1052.0,1296.0,1.0,1.0
